arm_base,fraction,acc_mean,acc_std,f1_mean,f1_std,n_seeds,acc_min,acc_max
C2_multispectral,1.0,0.9144444444444444,,0.9108805235652391,,1,0.9144444444444444,0.9144444444444444
C1_rgb,1.0,0.7927777777777778,,0.7846947837897751,,1,0.7927777777777778,0.7927777777777778
