{
  "accuracy": 0.9853703703703703,
  "macro_f1": 0.9849544587319595,
  "balanced_accuracy": 0.9848166666666666,
  "per_class_recall": {
    "AnnualCrop": 0.9716666666666667,
    "Forest": 0.9933333333333333,
    "HerbaceousVegetation": 0.995,
    "Highway": 0.976,
    "Industrial": 0.988,
    "Pasture": 0.9825,
    "PermanentCrop": 0.962,
    "Residential": 0.9916666666666667,
    "River": 0.988,
    "SeaLake": 1.0
  },
  "n": 5400,
  "arm": "E2_multispectral__s0",
  "tier": "cnn",
  "arm_base": "E2_multispectral",
  "seed": 0,
  "fraction": 1.0,
  "in_chans": 12,
  "pretrained": "imagenet",
  "best_val_macro_f1": 0.9855376425494115,
  "train_seconds": 2025.9,
  "n_train": 19440
}