{
  "accuracy": 0.9716666666666667,
  "macro_f1": 0.9704263859784394,
  "balanced_accuracy": 0.9703833333333334,
  "per_class_recall": {
    "AnnualCrop": 0.95,
    "Forest": 0.9883333333333333,
    "HerbaceousVegetation": 0.975,
    "Highway": 0.946,
    "Industrial": 0.994,
    "Pasture": 0.9475,
    "PermanentCrop": 0.932,
    "Residential": 0.9866666666666667,
    "River": 0.986,
    "SeaLake": 0.9983333333333333
  },
  "n": 5400,
  "arm": "E6_ms__s0__f0.25",
  "tier": "cnn",
  "arm_base": "E6_ms",
  "seed": 0,
  "fraction": 0.25,
  "in_chans": 12,
  "pretrained": "imagenet",
  "best_val_macro_f1": 0.9706476606271833,
  "train_seconds": 297.6,
  "n_train": 4860,
  "smoke": false
}