{
  "accuracy": 0.9242592592592592,
  "macro_f1": 0.9215859203251912,
  "balanced_accuracy": 0.9211,
  "per_class_recall": {
    "AnnualCrop": 0.92,
    "Forest": 0.9933333333333333,
    "HerbaceousVegetation": 0.89,
    "Highway": 0.82,
    "Industrial": 0.94,
    "Pasture": 0.89,
    "PermanentCrop": 0.862,
    "Residential": 0.9566666666666667,
    "River": 0.954,
    "SeaLake": 0.985
  },
  "n": 5400,
  "arm": "E6_ms__s0__f0.05",
  "tier": "cnn",
  "arm_base": "E6_ms",
  "seed": 0,
  "fraction": 0.05,
  "in_chans": 12,
  "pretrained": "imagenet",
  "best_val_macro_f1": 0.9245335207674874,
  "train_seconds": 131.6,
  "n_train": 972,
  "smoke": false
}