{
  "accuracy": 0.9124074074074074,
  "macro_f1": 0.9088602388807931,
  "balanced_accuracy": 0.9088166666666664,
  "per_class_recall": {
    "AnnualCrop": 0.8616666666666667,
    "Forest": 0.975,
    "HerbaceousVegetation": 0.925,
    "Highway": 0.784,
    "Industrial": 0.93,
    "Pasture": 0.8775,
    "PermanentCrop": 0.83,
    "Residential": 0.95,
    "River": 0.96,
    "SeaLake": 0.995
  },
  "n": 5400,
  "arm": "E6_ms__s2__f0.05",
  "tier": "cnn",
  "arm_base": "E6_ms",
  "seed": 2,
  "fraction": 0.05,
  "in_chans": 12,
  "pretrained": "imagenet",
  "best_val_macro_f1": 0.9164846587057344,
  "train_seconds": 125.4,
  "n_train": 972,
  "smoke": false
}