{
  "accuracy": 0.8203703703703704,
  "macro_f1": 0.8146194478656552,
  "balanced_accuracy": 0.8139833333333334,
  "per_class_recall": {
    "AnnualCrop": 0.8883333333333333,
    "Forest": 0.89,
    "HerbaceousVegetation": 0.8233333333333334,
    "Highway": 0.624,
    "Industrial": 0.946,
    "Pasture": 0.7625,
    "PermanentCrop": 0.772,
    "Residential": 0.865,
    "River": 0.672,
    "SeaLake": 0.8966666666666666
  },
  "n": 5400,
  "arm": "E6_rgb__s0__f0.01",
  "tier": "cnn",
  "arm_base": "E6_rgb",
  "seed": 0,
  "fraction": 0.01,
  "in_chans": 3,
  "pretrained": "imagenet",
  "best_val_macro_f1": 0.8194572986079643,
  "train_seconds": 45.2,
  "n_train": 196,
  "smoke": false
}