{
  "accuracy": 0.8162962962962963,
  "macro_f1": 0.8085328895616964,
  "balanced_accuracy": 0.8065333333333333,
  "per_class_recall": {
    "AnnualCrop": 0.855,
    "Forest": 0.9466666666666667,
    "HerbaceousVegetation": 0.7533333333333333,
    "Highway": 0.72,
    "Industrial": 0.872,
    "Pasture": 0.68,
    "PermanentCrop": 0.646,
    "Residential": 0.9566666666666667,
    "River": 0.714,
    "SeaLake": 0.9216666666666666
  },
  "n": 5400,
  "arm": "E6_rgb__s2__f0.01",
  "tier": "cnn",
  "arm_base": "E6_rgb",
  "seed": 2,
  "fraction": 0.01,
  "in_chans": 3,
  "pretrained": "imagenet",
  "best_val_macro_f1": 0.825435458846032,
  "train_seconds": 50.0,
  "n_train": 196,
  "smoke": false
}