{
  "band_mean": {
    "B01": 1352.6189551459418,
    "B02": 1116.1074313065642,
    "B03": 1040.7357383445458,
    "B04": 945.6176845346458,
    "B05": 1198.1334178532102,
    "B06": 2000.9617041693793,
    "B07": 2371.616438588586,
    "B08": 2298.8668834796167,
    "B09": 730.5173365086684,
    "B10": 12.09239803361304,
    "B11": 1820.5648605409474,
    "B12": 1117.4166742144298,
    "B8A": 2597.6061421837826
  },
  "band_std": {
    "B01": 244.30089160267926,
    "B02": 332.92763629919784,
    "B03": 395.00558845226533,
    "B04": 594.3357682297498,
    "B05": 567.0822834177759,
    "B06": 860.7021815259961,
    "B07": 1086.521451360846,
    "B08": 1118.0952371897915,
    "B09": 403.291239333916,
    "B10": 4.724274463325175,
    "B11": 1003.8623923761402,
    "B12": 759.9914748683076,
    "B8A": 1231.6597919009337
  },
  "n_images": 19440,
  "n_pixels": 79626240
}